{
    "Staff Hangout": {
        "x": -77,
        "y": -817,
        "z": 320.8
    },
    "The Staff Box": {
        "x": 520,
        "y": 4750,
        "z": -69.4
    },
    "Submarine": {
        "x": 514.33,
        "y": 4886.18,
        "z": -62.59
    },
    "Big Garage": {
        "x": 405.9228,
        "y": -954.1149,
        "z": -99.6627
    },
    "Movie Theater Office": {
        "x": -1005.84,
        "y": -478.92,
        "z": 50.02733
    },
    "Psychiatrist's Office": {
        "x": -1908.024,
        "y": -573.4244,
        "z": 19.09722
    },
    "Fake IAA Building": {
        "x": 345.0041,
        "y": 4842.001,
        "z": -59.9997
    },
    "Nightclub Garage": {
        "x": -1505.783,
        "y": -3012.587,
        "z": -80.000
    },
    "Old EDM": {
        "x": 229.9559,
        "y": -981.7928,
        "z": -99.66071
    }
}
